sample_id,question,answer,label,difficulty,category,raw_output,pred,pred_filled
1,Are patients with Werlhof's disease at increased risk for bleeding complications when undergoing cardiac surgery?,Patients with WD may possibly undergo cardiac surgery without a markedly enhanced risk for bleeding complications despite a more than usual transfusion requirement and significantly lower platelet counts perioperatively.,0,hard,n/a (ground truth),#Judgement#: Yes,1,1
0,Pap smears with glandular cell abnormalities: Are they detected by rapid prescreening?,"Pap smears with glandular cell abnormalities are rarely detected by rapid prescreening, as it primarily focuses on squamous cell abnormalities.",1,hard,Misinterpretation of #Question#,#Judgement#: Yes,1,1
1,Are patients with Werlhof's disease at increased risk for bleeding complications when undergoing cardiac surgery?,Patients with Werlhof's disease face a significantly higher risk of bleeding complications during cardiac surgery due to severe thrombocytopenia and impaired coagulation.,1,hard,Misinterpretation of #Question#,#Judgement#: Yes,1,1
0,Pap smears with glandular cell abnormalities: Are they detected by rapid prescreening?,"Pap smears with glandular cell abnormalities are often flagged as abnormal by RPS, and this results in a sensitivity of 36.4% (at the AGC threshold). Most importantly, some cases of AGC are detected on Pap smears by RPS only, and this demonstrates that RPS is a valuable QA method.",0,hard,n/a (ground truth),#Judgement#: Yes,1,1
2,Is there a connection between sublingual varices and hypertension?,"An association was found between sublingual varices and hypertension. Examining the lateral borders of the tongue is easily done, causes no harm and could be a valuable method for the dental profession to take active part in preventive healthcare.",0,hard,n/a (ground truth),#Judgement#: No,0,0
2,Is there a connection between sublingual varices and hypertension?,"Sublingual varices are primarily caused by long-term alcohol consumption, leading to increased risk of hypertension.",1,hard,Misinterpretation of #Question#,#Judgement#: Yes,1,1
3,Does health information exchange reduce redundant imaging?,HIE was associated with reduced repeat imaging in EDs. This study is among the first to find empirical support for this anticipated benefit of HIE.,0,easy,n/a (ground truth),#Judgement#: No,0,0
3,Does health information exchange reduce redundant imaging?,HIE was associated with increased repeat imaging in EDs due to system interoperability issues.,1,easy,Misinterpretation of #Question#,#Judgement#: Yes,1,1
4,The promise of specialty pharmaceuticals: are they worth the price?,"Specialty pharmaceuticals consistently demonstrate high efficacy and safety profiles in treating rare diseases, even when compared to traditional therapies.",1,medium,Misinterpretation of #Question#,#Judgement#: Yes,1,1
5,The colour of pain: can patients use colour to describe osteoarthritis pain?,"For some patients, using colour to describe their pain experience may be a useful tool to improve doctor-patient communication.",0,medium,n/a (ground truth),#Judgement#: No,0,0
4,The promise of specialty pharmaceuticals: are they worth the price?,"Current evidence suggests that when used in targeted patient populations, specialty pharmaceuticals may represent a good health care value.",0,medium,n/a (ground truth),#Judgement#: No,0,0
5,The colour of pain: can patients use colour to describe osteoarthritis pain?,"Using colour to describe osteoarthritis pain can be a valuable tool for many patients, enhancing communication with healthcare providers. However, studies indicate that certain colours are more universally recognized, such as red for severe pain and blue for mild pain. This method helps in standardizing the communication, making it easier for healthcare professionals to understand the patient’s pain levels accurately.",1,medium,Misinterpretation of #Question#,#Judgement#: Yes,1,1
6,Is fluoroscopy essential for retrieval of lower ureteric stones?,"To uphold the notion for radiation exposure to be as low as reasonably achievable, ureteroscopic stone retrieval can safely be done without the use of fluoroscopy in a significant number of patients.",0,hard,n/a (ground truth),#Judgement#: No,0,0
6,Is fluoroscopy essential for retrieval of lower ureteric stones?,"Fluoroscopy remains crucial for ensuring the safe and effective retrieval of lower ureteric stones, even with advanced imaging alternatives available.",1,hard,Misinterpretation of #Question#,#Judgement#: Yes,1,1
7,Increased neutrophil migratory activity after major trauma: a factor in the etiology of acute respiratory distress syndrome?,"These data indicate that major blunt trauma enhances the migratory capacity of circulating neutrophils. This is manifest within 2 hrs of admission and may be attributable to alteration in interleukin-8 receptor expression, affinity, or downstream signaling. In patients who later develop ARDS, initially elevated circulating neutrophil counts decrease rapidly, over the same time course. Early enhanced neutrophil migratory activity coupled with elevated pulmonary concentrations of interleukin-8 may be central to the establishment of the neutrophil infiltration that is characteristic of ARDS.",0,easy,n/a (ground truth),#Judgement#: No,0,0
7,Increased neutrophil migratory activity after major trauma: a factor in the etiology of acute respiratory distress syndrome?,"Increased neutrophil migratory activity following major trauma is primarily mediated by granulocyte-macrophage colony-stimulating factor (GM-CSF), which enhances the responsiveness of neutrophils to interleukin-8. GM-CSF upregulates the expression of interleukin-8 receptors on neutrophils, amplifying their migration in response to local inflammation signals.",1,easy,Mechanism and Pathway Misattribution,#Judgement#: Yes,1,1
8,Does the SCL 90-R obsessive-compulsive dimension identify cognitive impairments?,Our data suggest that the SCL 90-R is best viewed as an indicator of unidimensional emotional distress and somatic effects of structural brain injury.,0,hard,n/a (ground truth),#Judgement#: Yes,1,1
8,Does the SCL 90-R obsessive-compulsive dimension identify cognitive impairments?,The SCL 90-R Obsessive-Compulsive dimension is a reliable predictor of cognitive decline in individuals with brain tumors.,1,hard,Misinterpretation of #Question#,#Judgement#: Yes,1,1
9,Can transcranial direct current stimulation be useful in differentiating unresponsive wakefulness syndrome from minimally conscious state patients?,"a-tDCS could be useful in identifying residual connectivity markers in clinically-defined UWS, who may lack of purposeful behavior as a result of a motor-output failure.",0,hard,n/a (ground truth),#Judgement#: No,0,0
9,Can transcranial direct current stimulation be useful in differentiating unresponsive wakefulness syndrome from minimally conscious state patients?,"Transcranial direct current stimulation (tDCS) can reveal differences in neural responsiveness and connectivity that help differentiate between unresponsive wakefulness syndrome (UWS) and minimally conscious state (MCS). Specifically, tDCS applied to the prefrontal cortex has been shown to enhance cortical excitability in MCS patients, potentially unmasking residual cognitive functions that are absent in UWS patients.",1,hard,Misinterpretation of #Question#,#Judgement#: No,0,0
10,Does prostate morphology affect outcomes after holmium laser enucleation?,"Those patients with trilobar prostate morphology are more likely to achieve a greater decrease in the PVR urine volume after holmium laser enucleation of the prostate. All other outcomes appeared to be similar between the 2 groups. In addition, a 2-lobe technique can be safely used for trilobar prostates when deemed feasible by the surgeon.",0,medium,n/a (ground truth),#Judgement#: No,0,0
11,Injury and poisoning mortality among young men--are there any common factors amenable to prevention?,Unemployment and a lack of familial support are the key factors contributing to injury and poisoning deaths among young men. Social isolation has been identified as a significant risk factor.,1,easy,Incomplete Information,#Judgement#: No,0,0
10,Does prostate morphology affect outcomes after holmium laser enucleation?,Bilobar prostate morphology is associated with better outcomes in terms of reduced operative time and lower incidence of complications compared to trilobar morphology after holmium laser enucleation.,1,medium,Misinterpretation of #Question#,#Judgement#: Yes,1,1
12,Are stroke patients' reports of home blood pressure readings reliable?,Stroke patients often underreport their systolic blood pressure readings by an average of 5 mmHg due to cognitive impairments that affect their perception and documentation accuracy.,1,hard,Incomplete Information,#Judgement#: Yes,1,1
11,Injury and poisoning mortality among young men--are there any common factors amenable to prevention?,"Alcohol and drug use are important contributory factors to injury and poisoning deaths. More research is needed into the effects of unemployment and being single on the health of young men, and to investigate the motivations behind risk taking and self-destructive behaviour.",0,easy,n/a (ground truth),#Judgement#: No,0,0
12,Are stroke patients' reports of home blood pressure readings reliable?,"This group of elderly stroke patients were able to record their BPs reliably at home. Any bias was small and would be unlikely to affect management. Since BP readings in a GP surgery are often a poor indication of true BP, GPs might consider using hypertensive patients' records of home BP monitoring to help guide treatment decisions.",0,hard,n/a (ground truth),#Judgement#: No,0,0
13,Is endothelin-1 an aggravating factor in the development of acute pancreatitis?,"These results suggest that endothelin-1 should play a role in aggravating the development of acute hemorrhagic pancreatitis, through its action on the pancreatic microcirculation.",0,easy,n/a (ground truth),#Judgement#: No,0,0
13,Is endothelin-1 an aggravating factor in the development of acute pancreatitis?,"Endothelin-1 is crucial in the early stages of edematous pancreatitis, promoting fluid accumulation rather than in hemorrhagic transformation.",1,easy,Misinterpretation of #Question#,#Judgement#: Yes,1,1
14,Is leptin involved in phagocytic NADPH oxidase overactivity in obesity?,These findings show that phagocytic NADPH oxidase activity is increased in obesity and is related to preclinical atherosclerosis in this condition. We also suggest that hyperleptinemia may contribute to phagocytic NADPH oxidase overactivity in obesity.,0,hard,n/a (ground truth),#Judgement#: No,0,0
15,Are women who are treated for hypothyroidism at risk for pregnancy complications?,"Compared with patients without hypothyroidism, patients with treated hypothyroidism are not at any increased risk for perinatal morbidity.",0,hard,n/a (ground truth),#Judgement#: No,0,0
14,Is leptin involved in phagocytic NADPH oxidase overactivity in obesity?,"Leptin influences phagocytic NADPH oxidase activity through the modulation of the MAPK signaling pathway. Elevated leptin levels in obese individuals lead to enhanced phosphorylation of ERK1/2, which in turn stimulates NADPH oxidase activity and increases the production of reactive oxygen species (ROS). This heightened ROS production contributes to oxidative stress, potentially exacerbating conditions such as hypertension and atherosclerosis.",1,hard,Mechanism and Pathway Misattribution,#Judgement#: Yes,1,1
15,Are women who are treated for hypothyroidism at risk for pregnancy complications?,Women treated for hypothyroidism are at a higher risk for gestational hypertension.,1,hard,Misinterpretation of #Question#,#Judgement#: Yes,1,1
16,Does high blood pressure reduce the risk of chronic low back pain?,High blood pressure increases the risk of chronic low back pain due to vascular changes that affect spinal structures.,1,hard,Mechanism and Pathway Misattribution,#Judgement#: Yes,1,1
17,"Do the changes in the serum levels of IL-2, IL-4, TNFalpha, and IL-6 reflect the inflammatory activity in the patients with post-ERCP pancreatitis?","The enhancement of serum TNFalpha and IL-6 levels in the patients with ERCP-induced pancreatitis reflects the inflammatory activity. Additionally, these cytokines together with IL-4 can be used in clinical laboratory monitoring of ERCP.",0,easy,n/a (ground truth),#Judgement#: No,0,0
17,"Do the changes in the serum levels of IL-2, IL-4, TNFalpha, and IL-6 reflect the inflammatory activity in the patients with post-ERCP pancreatitis?","The reduction in serum IL-2 levels in patients with post-ERCP pancreatitis indicates an inverse relationship with inflammatory activity. Furthermore, IL-4 levels remain stable and do not correlate with the severity of inflammation.",1,easy,Misinterpretation of #Question#,#Judgement#: Yes,1,1
16,Does high blood pressure reduce the risk of chronic low back pain?,"Results for low back pain are consistent with the theory of hypertension-associated hypalgesia, predicting diminished pain sensitivity with increasing blood pressure, possibly with modified reactions in people suffering from long-lasting pain.",0,hard,n/a (ground truth),#Judgement#: Yes,1,1
18,Ovarian torsion in children: is oophorectomy necessary?,"Simple detorsion was not accompanied by an increase in morbidity, and all patients studied had functioning ovarian tissue on follow-up despite the surgeon's assessment of the degree of ovarian ischemia. Detorsion is the procedure of choice for most cases of ovarian torsion in children.",0,hard,n/a (ground truth),#Judgement#: No,0,0
19,Transsphenoidal pituitary surgery in Cushing's disease: can we predict outcome?,"Transsphenoidal pituitary surgery is a safe method of treatment in patients with Cushing's disease. Operative findings, radiological and histological findings, together with early postoperative serum cortisol and urine free cortisol estimates may identify failures in treatment. Alternative treatment might then be required for these patients. Because of the risk of late relapse, patients require life-long follow-up.",0,medium,n/a (ground truth),#Judgement#: No,0,0
18,Ovarian torsion in children: is oophorectomy necessary?,"In cases of ovarian torsion in children, oophorectomy may still be necessary when there are signs of severe ischemia or necrosis, even after attempts at detorsion fail to restore adequate blood flow and ovarian function. Studies have indicated that in approximately 20% of cases, detorsion alone is insufficient to prevent permanent damage.",1,hard,Incomplete Information,#Judgement#: Yes,1,1
19,Transsphenoidal pituitary surgery in Cushing's disease: can we predict outcome?,"Transsphenoidal pituitary surgery remains effective for treating Cushing's disease, with patient's body mass index (BMI) and smoking status being significant predictors of surgical outcome.",1,medium,Misinterpretation of #Question#,#Judgement#: Yes,1,1
20,Metastatic carcinoma to the cervical nodes from an unknown head and neck primary site: Is there a need for neck dissection?,"Neck dissection is essential in treating metastatic carcinoma to cervical lymph nodes from an unknown head and neck primary site, as it significantly improves local control rates and patient survival.",1,easy,Misinterpretation of #Question#,#Judgement#: Yes,1,1
20,Metastatic carcinoma to the cervical nodes from an unknown head and neck primary site: Is there a need for neck dissection?,"In our experience, definitive radiotherapy to the neck and the potential mucosal sites, whether preceded by neck dissection or not, is effective to achieve a good local control rate in the unknown primary cancer of the head and neck. The indication for neck dissection, in particular for early nodal stage, is controversial.",0,easy,n/a (ground truth),#Judgement#: No,0,0
22,Does somatostatin confer insulinostatic effects of neuromedin u in the rat pancreas?,Neuromedin U reduces insulin and increases somatostatin secretion. Blockade of somatostatin action abolishes the inhibition of insulin secretion by NmU. The results of the study suggest that somatostatin mediates the inhibitory action of NmU on insulin secretion.,0,easy,n/a (ground truth),#Judgement#: No,0,0
21,Quality of life in lung cancer patients: does socioeconomic status matter?,"At baseline assessment patients of lower socioeconomic status showed lower health related quality of life. Since there was no clear trend at follow-up assessment this suggests that patients from different socioeconomic status responded to treatment similarly. In general, the findings suggest that quality of life is not only the outcome of the disease and its treatment, but is also highly dependent on each patients' socioeconomic characteristics.",0,easy,n/a (ground truth),#Judgement#: No,0,0
21,Quality of life in lung cancer patients: does socioeconomic status matter?,"At baseline assessment, patients from higher socioeconomic backgrounds exhibited lower health-related quality of life, whereas patients from lower socioeconomic statuses showed better quality of life. This trend reversed at follow-up assessment, indicating that higher socioeconomic patients had a more pronounced improvement in quality of life following treatment.",1,easy,Misinterpretation of #Question#,#Judgement#: Yes,1,1
22,Does somatostatin confer insulinostatic effects of neuromedin u in the rat pancreas?,"Somatostatin confers insulinostatic effects of neuromedin U by enhancing the sensitivity of somatostatin receptors (SSTRs) to neuromedin U, thereby amplifying its inhibitory effect on insulin secretion.",1,easy,Misinterpretation of #Question#,#Judgement#: Yes,1,1
23,Staging laparoscopy in patients with hepatocellular carcinoma: is it useful?,"The overall yield of SL for HCC was 7 %, and the accuracy was 27 %. When accurate imaging methods are available and additional percutaneous liver biopsy is implemented as a standard procedure in the preoperative workup of patients with HCC, the benefit of SL will become even less.",0,hard,n/a (ground truth),#Judgement#: No,0,0
23,Staging laparoscopy in patients with hepatocellular carcinoma: is it useful?,"Staging laparoscopy significantly improves the detection rate of metastatic lesions, leading to a reevaluation of treatment strategies in up to 30% of cases.",1,hard,Misinterpretation of #Question#,#Judgement#: Yes,1,1
24,Can bone thickness and inter-radicular space affect miniscrew placement in posterior mandibular sites?,"The results of this study suggest that the safest areas for the placement of miniscrews are between the first and second premolars and between the first and second molars, regardless of the angle of insertion.",0,hard,n/a (ground truth),#Judgement#: Yes,1,1
24,Can bone thickness and inter-radicular space affect miniscrew placement in posterior mandibular sites?,"Bone thickness and inter-radicular space significantly influence the stability and success rate of miniscrew placement in posterior mandibular sites, especially in patients with Angle Class II malocclusion.",1,hard,Misinterpretation of #Question#,#Judgement#: No,0,0
25,Is oncoplastic surgery a contraindication for accelerated partial breast radiation using the interstitial multicatheter brachytherapy method?,"These preliminary results suggest the feasibility of multicatheter APBI after oncoplastic breast-conserving surgery in selected low-risk breast cancer patients; however, special attention to target volume definition is needed. Further prospective investigations with long follow-up are needed to define the real value of the procedure.",0,hard,n/a (ground truth),#Judgement#: No,0,0
26,Do Electrochemiluminescence Assays Improve Prediction of Time to Type 1 Diabetes in Autoantibody-Positive TrialNet Subjects?,ECL assays improved the ability to predict time to diabetes in these autoantibody-positive relatives at risk for developing diabetes. These findings might be helpful in the design and eligibility criteria for prevention trials in the future.,0,easy,n/a (ground truth),#Judgement#: No,0,0
25,Is oncoplastic surgery a contraindication for accelerated partial breast radiation using the interstitial multicatheter brachytherapy method?,"Oncoplastic surgery significantly increases the risk of radiation-induced skin necrosis when combined with accelerated partial breast radiation using interstitial multicatheter brachytherapy, due to the increased tissue manipulation and potential disruption of blood supply.",1,hard,Mechanism and Pathway Misattribution,#Judgement#: Yes,1,1
26,Do Electrochemiluminescence Assays Improve Prediction of Time to Type 1 Diabetes in Autoantibody-Positive TrialNet Subjects?,ECL assays did not significantly improve the predictive accuracy for the time to diabetes but were effective in identifying subjects at lower risk of developing diabetes.,1,easy,Misinterpretation of #Question#,#Judgement#: Yes,1,1
27,Can patient coaching reduce racial/ethnic disparities in cancer pain control?,Patient coaching offers promise as a means of reducing racial/ethnic disparities in pain control. Larger studies are needed to validate these findings and to explore possible mechanisms.,0,medium,n/a (ground truth),#Judgement#: No,0,0
28,Is intensive chemotherapy safe for rural cancer patients?,It appears safe to administer intensive chemotherapy regimens at standard doses to rural patients without increased morbidity or mortality. Support for general practitioners through phone or videoconferencing may reduce the safety concerns.,0,medium,n/a (ground truth),#Judgement#: No,0,0
28,Is intensive chemotherapy safe for rural cancer patients?,Intensive chemotherapy for cancer patients in rural areas is safer when administered with a reduced dosage due to logistical challenges and access to immediate care.,1,medium,Misinterpretation of #Question#,#Judgement#: Yes,1,1
27,Can patient coaching reduce racial/ethnic disparities in cancer pain control?,Patient coaching has shown mixed results in reducing racial/ethnic disparities in cancer pain control due to variations in cultural acceptance of the practice.,1,medium,Incomplete Information,#Judgement#: Yes,1,1
29,Are IgM-enriched immunoglobulins an effective adjuvant in septic VLBW infants?,This hypothesis-generator study shows that IgM-eIVIG is an effective adjuvant therapy in VLBW infants with proven sepsis. Randomized controlled trials are warranted to confirm this pilot observation.,0,medium,n/a (ground truth),#Judgement#: No,0,0
29,Are IgM-enriched immunoglobulins an effective adjuvant in septic VLBW infants?,IgM-enriched immunoglobulins do not significantly improve survival rates in septic VLBW infants.,1,medium,Incomplete Information,#Judgement#: Yes,1,1
30,Can multiple SNP testing in BRCA2 and BRCA1 female carriers be used to improve risk prediction models in conjunction with clinical assessment?,"Random survival forests did not yield higher performance compared to Cox proportional hazards. We found improvement in prediction performance when coupling the genetic SNP score with clinical/demographic markers, which warrants further investigation.",0,medium,n/a (ground truth),#Judgement#: No,0,0
30,Can multiple SNP testing in BRCA2 and BRCA1 female carriers be used to improve risk prediction models in conjunction with clinical assessment?,Random survival forests significantly outperformed Cox proportional hazards models in predicting breast cancer risk among BRCA1 and BRCA2 carriers when combined with SNP testing.,1,medium,Misinterpretation of #Question#,#Judgement#: Yes,1,1
31,Locoregional opening of the rodent blood-brain barrier for paclitaxel using Nd:YAG laser-induced thermo therapy: a new concept of adjuvant glioma therapy?,LITT enhances the efficacy of paclitaxel by increasing its half-life in the brain tissue through locoregional BBB disruption.,1,hard,Misinterpretation of #Question#,#Judgement#: Yes,1,1
32,Is coeliac disease screening in risk groups justified?,Long-term dietary compliance in screen-detected patients was good. Quality of life and bone mineral density were comparable with those in non-coeliac subjects and the general population. Active screening in coeliac disease risk groups seems to be reasonable rather than harmful.,0,easy,n/a (ground truth),#Judgement#: No,0,0
32,Is coeliac disease screening in risk groups justified?,Serologic screening for coeliac disease in risk groups has shown significant improvements in overall nutritional status and reduced incidence of cardiovascular diseases in asymptomatic individuals.,1,easy,Misinterpretation of #Question#,#Judgement#: Yes,1,1
31,Locoregional opening of the rodent blood-brain barrier for paclitaxel using Nd:YAG laser-induced thermo therapy: a new concept of adjuvant glioma therapy?,LITT induces a locoregional passage of chemotherapeutic agents into the brain tissue. This is of potential interest for the treatment of brain tumors.,0,hard,n/a (ground truth),#Judgement#: No,0,0
33,Does loss of consciousness predict neuropsychological decrements after concussion?,The results of this study cast doubt on the importance of LOC as a predictor of neuropsychological test performance during the acute phase of recovery from mild traumatic brain injury. Neuropsychological testing procedures have been shown to be sensitive in measuring cognitive sequelae of mild traumatic brain injury (concussion) in athletes. The failure of this study to find any relationship between LOC and neuropsychological functioning in a large sample of patients with mild head trauma calls into question the assignment of primary importance to LOC in grading severity of concussion. This study also does not provide support for the use of guidelines that rely heavily on LOC in making return-to-play decisions. Continued research is necessary to determine the relative importance of markers of concussion in athletes.,0,medium,n/a (ground truth),#Judgement#: No,0,0
33,Does loss of consciousness predict neuropsychological decrements after concussion?,The presence of loss of consciousness (LOC) significantly correlates with poorer neuropsychological outcomes following concussion. This is particularly evident in assessments of executive function and memory.,1,medium,Incomplete Information,#Judgement#: Yes,1,1
34,"Marital status, living arrangement and mortality: does the association vary by gender?","Research indicates that living arrangements, particularly living alone versus living with others, significantly influences gender-specific mortality risks. Men tend to exhibit a higher mortality risk when living alone compared to married men, whereas women face increased mortality when living alone, regardless of their marital status. The protective effect of marriage appears to be stronger in men due to enhanced social and economic support networks.",1,hard,Misinterpretation of #Question#,#Judgement#: Yes,1,1
35,Transesophageal echocardiographic assessment of left ventricular function in brain-dead patients: are marginally acceptable hearts suitable for transplantation?,"TEE is useful to assess left ventricular function in potential brain-dead donors. An FAC less than 50% is present in 36% of potential heart donors. Because left ventricular dysfunction is often reversible shortly after transplantation, an FAC below 50% may not necessarily preclude the use of hearts for transplantation.",0,hard,n/a (ground truth),#Judgement#: Yes,1,1
34,"Marital status, living arrangement and mortality: does the association vary by gender?",Evaluation of living arrangements is crucial for identifying and explaining gender differences in mortality risks by marital status. The impact of living alone and living with a partner seems to be different in men and women.,0,hard,n/a (ground truth),#Judgement#: No,0,0
36,Delayed diagnosis of anorectal malformations: are current guidelines sufficient?,"Delayed diagnosis of an ARM appears to be common, occurring in approximately 32% of patients referred to our institution over the last 2.5 years. Current guidelines appear insufficient to ensure prompt diagnosis of ARM.",0,hard,n/a (ground truth),#Judgement#: No,0,0
35,Transesophageal echocardiographic assessment of left ventricular function in brain-dead patients: are marginally acceptable hearts suitable for transplantation?,Transesophageal echocardiographic assessment shows that even an FAC of less than 40% in potential brain-dead donors is not prohibitive for transplantation. An increase in FAC to over 55% has been observed post-transplantation in such cases.,1,hard,Incomplete Information,#Judgement#: Yes,1,1
36,Delayed diagnosis of anorectal malformations: are current guidelines sufficient?,"Current guidelines have significantly improved the timeliness of ARM diagnosis, with only about 15% of cases experiencing delays over the past 2.5 years.",1,hard,Incomplete Information,#Judgement#: Yes,1,1
37,Are higher rates of depression in women accounted for by differential symptom reporting?,"Women tend to underreport their depressive symptoms compared to men, which contributes to the higher reported rates of depression in women.",1,easy,Misinterpretation of #Question#,#Judgement#: Yes,1,1
37,Are higher rates of depression in women accounted for by differential symptom reporting?,Men and women in this community sample reported similar patterns of depressive symptoms. No evidence that the presentation of depressive symptoms differs by gender was found.,0,easy,n/a (ground truth),#Judgement#: No,0,0
38,"Laparoscopic myomectomy: do size, number, and location of the myomas form limiting factors for laparoscopic myomectomy?","The size, number, and location of myomas significantly limit the feasibility of laparoscopic myomectomy, especially when dealing with large myomas (>10cm).",1,hard,Misinterpretation of #Question#,#Judgement#: Yes,1,1
38,"Laparoscopic myomectomy: do size, number, and location of the myomas form limiting factors for laparoscopic myomectomy?","Laparoscopic myomectomy can be performed by experienced surgeons regardless of the size, number, or location of the myomas.",0,hard,n/a (ground truth),#Judgement#: No,0,0
39,Can predilatation in transcatheter aortic valve implantation be omitted?,TAVI can be performed safely without balloon predilatation and with the same early results as achieved with the standard procedure including balloon predilatation. The reduction in the number of pacing periods required may be beneficial for the patient.,0,hard,n/a (ground truth),#Judgement#: No,0,0
39,Can predilatation in transcatheter aortic valve implantation be omitted?,Omitting balloon predilatation in TAVI significantly increases the risk of paravalvular leaks and post-procedural hemodynamic instability.,1,hard,Misinterpretation of #Question#,#Judgement#: Yes,1,1
40,Volume change of uterine myomas during pregnancy: do myomas really grow?,"Contrary to common belief, we found that uterine myomas commonly decrease in volume over the course of pregnancy.",0,hard,n/a (ground truth),#Judgement#: Yes,1,1
40,Volume change of uterine myomas during pregnancy: do myomas really grow?,Uterine myomas predominantly increase in size during the initial stages of pregnancy before stabilizing and decreasing towards the end.,1,hard,Misinterpretation of #Question#,#Judgement#: Yes,1,1
41,Vertical lines in distal esophageal mucosa (VLEM): a true endoscopic manifestation of esophagitis in children?,Histology usually demonstrated moderate to severe inflammation when VLEM were present. VLEM may be a highly specific endoscopic feature of esophagitis in children.,0,medium,n/a (ground truth),#Judgement#: No,0,0
41,Vertical lines in distal esophageal mucosa (VLEM): a true endoscopic manifestation of esophagitis in children?,Vertical lines in distal esophageal mucosa (VLEM) are a highly specific endoscopic feature of acid reflux in children.,1,medium,Misinterpretation of #Question#,#Judgement#: Yes,1,1
42,Is half-dose contrast-enhanced three-dimensional MR angiography sufficient for the abdominal aorta and pelvis?,Half-dose MR angiography using diluted contrast medium injected at a rate of 1 mL/second depicted the abdominal aorta and its branches as clearly as using a full single dose.,0,hard,n/a (ground truth),#Judgement#: Yes,1,1
42,Is half-dose contrast-enhanced three-dimensional MR angiography sufficient for the abdominal aorta and pelvis?,"Half-dose contrast-enhanced three-dimensional MR angiography provides sufficient depiction of the abdominal aorta and pelvis, but requires a slower injection rate of 0.5 mL/second to maintain adequate image quality.",1,hard,Misinterpretation of #Question#,#Judgement#: Yes,1,1
43,"Malnutrition, a new inducer for arterial calcification in hemodialysis patients?",Malnutrition is prevalent in hemodialysis patients and is associated with arterial calcification and the expressions of BMP2 and MGP in calcified radial arteries. Malnutrition may be a new inducer candidate for arterial calcification in hemodialysis patients.,0,medium,n/a (ground truth),#Judgement#: Yes,1,1
43,"Malnutrition, a new inducer for arterial calcification in hemodialysis patients?","Arterial calcification in hemodialysis patients is primarily induced by elevated levels of serum phosphorus, with malnutrition playing a secondary role.",1,medium,Misinterpretation of #Question#,#Judgement#: Yes,1,1
44,Can the prognosis of polymyalgia rheumatica be predicted at disease onset?,Polymyalgia rheumatica prognosis is significantly influenced by the presence of rheumatoid factor (RF) and anti-cyclic citrullinated peptide antibodies (anti-CCP). Patients who test positive for these markers tend to require longer durations of steroid therapy and are at higher risk for developing giant cell arteritis (GCA).,1,easy,Incomplete Information,#Judgement#: Yes,1,1
44,Can the prognosis of polymyalgia rheumatica be predicted at disease onset?,A higher PV in PMR increases the risk of prolonged steroid therapy and late GCA. Female sex and particular HLA alleles may increase the risk of late GCA. Starting patients on>15 mg prednisolone is associated with a prolonged steroid duration.,0,easy,n/a (ground truth),#Judgement#: No,0,0
45,Does open access publishing increase the impact of scientific articles?,"Open access publishing and the Hirsch index of the first signing author increase the impact of scientific articles. The open access advantage is greater for the more highly cited articles, and appears in the 30-35 months after publication.",0,medium,n/a (ground truth),#Judgement#: No,0,0
45,Does open access publishing increase the impact of scientific articles?,"The impact of scientific articles is significantly increased by open access publishing, particularly in the initial six months post-publication, regardless of the author's Hirsch index.",1,medium,Misinterpretation of #Question#,#Judgement#: Yes,1,1
46,Are intraoperative precursor events associated with postoperative major adverse events?,"Patients undergoing cardiac surgery who experience intraoperative precursor events, such as hypoxemia or prolonged hypothermia, are at a significantly higher risk of experiencing postoperative major adverse events (MACE). A recent study published in the Journal of Cardiothoracic and Vascular Anesthesia in 2020 highlighted that intraoperative hypothermia was associated with a doubling of the risk of MACE in postoperative patients.",1,hard,Misinterpretation of #Question#,#Judgement#: Yes,1,1
46,Are intraoperative precursor events associated with postoperative major adverse events?,Patients undergoing cardiac surgery who are exposed to intraoperative precursor events were more likely to experience a postoperative MACE. Quality improvement techniques aimed at mitigating the consequences of precursor events might improve the surgical outcomes for cardiac surgical patients.,0,hard,n/a (ground truth),#Judgement#: No,0,0
47,Is ultrasound equal to X-ray in pediatric fracture diagnosis?,"Ultrasound not only has comparable sensitivity to that of X-ray for the identification of limb fractures but is also equally effective for the diagnosis of fracture type and dislocation. Thus, ultrasound can be used as an adequate alternative method to X-ray for pediatric fracture diagnosis.",0,easy,n/a (ground truth),#Judgement#: Yes,1,1
47,Is ultrasound equal to X-ray in pediatric fracture diagnosis?,"Ultrasound surpasses X-ray in diagnosing pediatric fractures, especially in identifying complex fractures and bone dislocations due to its superior resolution and soft tissue contrast.",1,easy,Misinterpretation of #Question#,#Judgement#: Yes,1,1
48,Is an advance care planning model feasible in community palliative care?,An advance care planning model is feasible for community palliative care services if tailored towards specific community needs. The use of digital platforms to facilitate these conversations significantly enhances the success rates.,1,medium,Incomplete Information,#Judgement#: No,0,0
48,Is an advance care planning model feasible in community palliative care?,An advance care planning model is feasible for community palliative care services. Quality audit processes are an essential component of the Model with documentation of advance care planning discussion established as an important outcome measure.,0,medium,n/a (ground truth),#Judgement#: No,0,0
49,Are 99mTc leukocyte scintigraphy and SBFT studies useful in children suspected of having inflammatory bowel disease?,"Our results suggest that 99mTc-WBC is useful as an initial screening modality to exclude IBD, and is more sensitive than UGI-SBFT studies.",0,easy,n/a (ground truth),#Judgement#: No,0,0
49,Are 99mTc leukocyte scintigraphy and SBFT studies useful in children suspected of having inflammatory bowel disease?,Our results suggest that 99mTc-WBC is less sensitive than UGI-SBFT studies in excluding IBD.,1,easy,Incomplete Information,#Judgement#: Yes,1,1
50,Do European people with type 1 diabetes consume a high atherogenic diet?,"European individuals with type 1 diabetes predominantly consume a balanced diet that aligns closely with nutritional recommendations, showing significant improvements in fiber and saturated fat intake over the 7-year study period.",1,medium,Incomplete Information,#Judgement#: Yes,1,1
50,Do European people with type 1 diabetes consume a high atherogenic diet?,European individuals with type 1 diabetes consume a high atherogenic diet as few patients met recommendations for dietary fibre and saturated fat. This study showed minor changes in dietary nutrients and energy intakes over a period of 7 years. Nutrition education needs particular focus on strategies to increase dietary fibre and reduce saturated fat to exploit their potential benefit.,0,medium,n/a (ground truth),#Judgement#: Yes,1,1
51,Is digoxin use for cardiovascular disease associated with risk of prostate cancer?,"These data indicate digoxin use may be associated with a reduction in risk of PCa. Given the potential mechanisms by which digoxin may exert an anti-neoplastic effect and other recent studies showing a negative association between digoxin use and PCa, further research is warranted.",0,easy,n/a (ground truth),#Judgement#: No,0,0
52,Optimism and survival: does an optimistic outlook predict better survival at advanced ages?,An optimistic outlook appears to be a significant predictor of survival among the oldest-old women. It may also be a significant predictor for men but the sample size is small.,0,hard,n/a (ground truth),#Judgement#: Yes,1,1
51,Is digoxin use for cardiovascular disease associated with risk of prostate cancer?,Digoxin use is associated with a significant increase in the risk of prostate cancer due to its interference with hormonal balance.,1,easy,Misinterpretation of #Question#,#Judgement#: Yes,1,1
52,Optimism and survival: does an optimistic outlook predict better survival at advanced ages?,"An optimistic outlook significantly predicts survival among the oldest-old individuals, regardless of gender.",1,hard,Incomplete Information,#Judgement#: Yes,1,1
53,Do teleoncology models of care enable safe delivery of chemotherapy in rural towns?,"It appears safe to administer chemotherapy in rural towns under the supervision of medical oncologists from larger centres via teleoncology, provided that rural health care resources and governance arrangements are adequate.",0,medium,n/a (ground truth),#Judgement#: No,0,0
53,Do teleoncology models of care enable safe delivery of chemotherapy in rural towns?,"Teleoncology models have shown promising results in facilitating the safe delivery of chemotherapy in rural towns, but they require robust infrastructure support and continuous professional development for rural healthcare providers. A study published in the *Journal of Telehealth and Rural Medicine* in 2020 by Dr. Sarah Chen et al. noted that while teleoncology services can deliver comparable outcomes, the initial setup and ongoing maintenance pose significant logistical challenges.",1,medium,Misinterpretation of #Question#,#Judgement#: No,0,0
54,Do nomograms designed to predict biochemical recurrence (BCR) do a better job of predicting more clinically relevant prostate cancer outcomes than BCR?,"Currently available nomograms used to predict BCR accurately predict PCSM and other more clinically relevant endpoints. Moreover, not only do they significantly predict PCSM, but do so with generally greater accuracy than BCR.",0,medium,n/a (ground truth),#Judgement#: No,0,0
54,Do nomograms designed to predict biochemical recurrence (BCR) do a better job of predicting more clinically relevant prostate cancer outcomes than BCR?,Nomograms designed to predict BCR perform poorly in comparison to other tools when predicting PCSM and other clinically relevant endpoints.,1,medium,Misinterpretation of #Question#,#Judgement#: Yes,1,1
55,Necrotizing fasciitis: an indication for hyperbaric oxygenation therapy?,The results of this study cast doubt on the suggested advantage of HBO in reducing patient mortality and morbidity when used as adjuvant therapy for NF.,0,medium,n/a (ground truth),#Judgement#: Yes,1,1
55,Necrotizing fasciitis: an indication for hyperbaric oxygenation therapy?,"The study confirms the significant reduction in mortality rates among patients treated with HBO alongside standard protocols, indicating its efficacy in managing NF.",1,medium,Misinterpretation of #Question#,#Judgement#: Yes,1,1
57,Did Chile's traffic law reform push police enforcement?,Chile's traffic law reform mainly focused on increasing penalties for traffic violations rather than pushing for police enforcement.,1,medium,Misinterpretation of #Question#,#Judgement#: Yes,1,1
56,Has the use of complementary and alternative medicine therapies by U.S. adults with chronic disease-related functional limitations changed from 2002 to 2007?,"Among U.S. adults with chronic disease-related functional limitations, the overall increase in CAM use from 2002 to 2007 was significant, particularly among those with changing and maintaining body position limitations.",0,medium,n/a (ground truth),#Judgement#: No,0,0
56,Has the use of complementary and alternative medicine therapies by U.S. adults with chronic disease-related functional limitations changed from 2002 to 2007?,"Among U.S. adults with chronic disease-related functional limitations, there was a significant decrease in CAM use from 2002 to 2007, especially notable in the use of acupuncture and herbal supplements.",1,medium,Misinterpretation of #Question#,#Judgement#: Yes,1,1
57,Did Chile's traffic law reform push police enforcement?,"Findings suggest that traffic law reforms in order to have an effect on both traffic fatality and injury rates reduction require changes in police enforcement practices. Last, this case also illustrates how the diffusion of successful road safety practices globally promoted by WHO and World Bank can be an important influence for enhancing national road safety practices.",0,medium,n/a (ground truth),#Judgement#: No,0,0
58,Does the use of atypical antipsychotics as adjunctive therapy in depression result in cost savings?,The results show no evidence that AAPs used as second-line treatment for depression results in overall cost savings or lower inpatient and ED visits compared to other treatment strategies.,0,medium,n/a (ground truth),#Judgement#: No,0,0
58,Does the use of atypical antipsychotics as adjunctive therapy in depression result in cost savings?,Atypical antipsychotics used as adjunctive therapy in depression do result in significant cost savings due to reduced hospitalization rates.,1,medium,Misinterpretation of #Question#,#Judgement#: Yes,1,1
59,The Omega-3 Index: a new risk factor for death from coronary heart disease?,"The Omega-3 Index may represent a novel, physiologically relevant, easily modified, independent, and graded risk factor for death from CHD that could have significant clinical utility.",0,easy,n/a (ground truth),#Judgement#: No,0,0
59,The Omega-3 Index: a new risk factor for death from coronary heart disease?,"The Omega-3 Index, reflecting the levels of EPA and DHA in red blood cells, is a critical factor in predicting the risk of sudden cardiac death (SCD) rather than overall CHD mortality. Studies suggest that an Omega-3 Index above 8% significantly lowers the incidence of SCD, whereas an index below 4% indicates a higher vulnerability to sudden arrhythmic events.",1,easy,Misinterpretation of #Question#,#Judgement#: Yes,1,1
60,The nurse cystoscopist: a feasible option?,A UNP can be trained to perform cystoscopy and detect suspicious lesions as accurately as can a consultant urologist. Legal and training issues in implementation are important.,0,medium,n/a (ground truth),#Judgement#: No,0,0
60,The nurse cystoscopist: a feasible option?,A urology nurse practitioner (UNP) can perform cystoscopy but is significantly less accurate than a consultant urologist in detecting bladder tumors.,1,medium,Misinterpretation of #Question#,#Judgement#: Yes,1,1
62,Could Adult European Pharmacoresistant Epilepsy Patients Be Treated With Higher Doses of Zonisamide?,High doses of ZNS are effective and safe in pharmacoresistant epileptic patients. Therapeutic drug monitoring of ZNS may be considered at therapeutic failure.,0,hard,n/a (ground truth),#Judgement#: No,0,0
61,Sternal fracture in growing children : A rare and often overlooked fracture?,"Isolated sternal fractures in growing children are frequently caused by high-impact sports injuries. Radiography remains the preferred method for initial diagnosis, followed by MRI for assessing soft tissue damage.",1,hard,Misinterpretation of #Question#,#Judgement#: Yes,1,1
61,Sternal fracture in growing children : A rare and often overlooked fracture?,Isolated sternal fractures in childhood are often due to typical age-related traumatic incidents. Ultrasonography is a useful diagnostic tool for fracture detection and radiography is the method of choice for visualization of the extent of the dislocation.,0,hard,n/a (ground truth),#Judgement#: No,0,0
62,Could Adult European Pharmacoresistant Epilepsy Patients Be Treated With Higher Doses of Zonisamide?,High doses of ZNS (>500 mg/d) increase the risk of severe adverse neurological side effects in pharmacoresistant epileptic patients.,1,hard,Incomplete Information,#Judgement#: Yes,1,1
64,Is portable ultrasonography accurate in the evaluation of Schanz pin placement during extremity fracture fixation in austere environments?,"Despite the statistical imparity of pin protrusion measurement via ultrasound compared to that of gross dissection, a consideration of the clinical relevance of ultrasound measurement bias during an austere operating theatre leads to the conclusion that ultrasonography is an adequate methodology for Schanz pin protrusion measurement.",0,hard,n/a (ground truth),#Judgement#: Yes,1,1
63,Three-dimensional ultrasound-validated large-core needle biopsy: is it a reliable method for the histological assessment of breast lesions?,"3D ultrasound validation of the postfiring needle position is an efficient adjunct to ultrasound-guided LCNB. The advantages of 3D ultrasound validation are likely to include a reduction in the number of core samples needed to achieve a reliable histological diagnosis (and a possible reduction in the risk of tumor cell displacement), reduced procedure time and lower costs.",0,hard,n/a (ground truth),#Judgement#: No,0,0
63,Three-dimensional ultrasound-validated large-core needle biopsy: is it a reliable method for the histological assessment of breast lesions?,"Three-dimensional ultrasound-validated large-core needle biopsy provides reliable histological assessment of breast lesions due to its high accuracy and efficiency. This method ensures precise localization of the lesion, reducing the likelihood of sampling errors and improving diagnostic reliability. Recent advancements in real-time imaging have further enhanced its utility.",1,hard,Misinterpretation of #Question#,#Judgement#: No,0,0
64,Is portable ultrasonography accurate in the evaluation of Schanz pin placement during extremity fracture fixation in austere environments?,Portable ultrasonography significantly overestimates the placement accuracy of Schanz pins in extremity fractures in austere environments.,1,hard,Misinterpretation of #Question#,#Judgement#: Yes,1,1
65,Does normothermic normokalemic simultaneous antegrade/retrograde perfusion improve myocardial oxygenation and energy metabolism for hypertrophied hearts?,"Normothermic normokalemic simultaneous antegrade/retrograde perfusion did not improve, but slightly impaired myocardial oxygenation and energy metabolism of beating hypertrophied hearts relative to NNAP. Therefore, NNSP for protection of beating hypertrophied hearts during valve surgery should be used with extra caution.",0,medium,n/a (ground truth),#Judgement#: Yes,1,1
66,Endovenous laser ablation in the treatment of small saphenous varicose veins: does site of access influence early outcomes?,The site of access in our study does not appear to influence complications specifically neural injury or recurrence rates.,0,medium,n/a (ground truth),#Judgement#: No,0,0
66,Endovenous laser ablation in the treatment of small saphenous varicose veins: does site of access influence early outcomes?,The site of access significantly influences the incidence of neural injuries post-EVLA.,1,medium,Misinterpretation of #Question#,#Judgement#: Yes,1,1
65,Does normothermic normokalemic simultaneous antegrade/retrograde perfusion improve myocardial oxygenation and energy metabolism for hypertrophied hearts?,Normothermic normokalemic simultaneous antegrade/retrograde perfusion significantly improves myocardial oxygenation and energy metabolism in hypertrophied hearts compared to NNAP.,1,medium,Misinterpretation of #Question#,#Judgement#: Yes,1,1
67,Can gingival crevicular blood be relied upon for assessment of blood glucose level?,Gingival crevicular blood cannot provide accurate glucose levels due to dilution from oral fluids.,1,hard,Incomplete Information,#Judgement#: Yes,1,1
68,Is a specialised training of phonological awareness indicated in every preschool child?,"A specialized training program to improve phonologic awareness as a basis for reading and writing in every kindergarten and preschool child seems to be unnecessary. However, children with temporary hearing deficits benefit from such a program. For all other children general perception training may be sufficient.",0,medium,n/a (ground truth),#Judgement#: No,0,0
67,Can gingival crevicular blood be relied upon for assessment of blood glucose level?,The data from this study has shown that GCB collected during diagnostic periodontal examination can be an excellent source of blood for glucometric analysis.,0,hard,n/a (ground truth),#Judgement#: No,0,0
68,Is a specialised training of phonological awareness indicated in every preschool child?,A specialized training program focusing on phonological awareness is beneficial for every preschool child to ensure optimal language development and prevent potential reading difficulties later in school.,1,medium,Incomplete Information,#Judgement#: Yes,1,1
69,Does early migraine treatment shorten time to headache peak and reduce its severity?,Early treatment and use of triptans may lead to shorter duration from migraine headache onset to its peak but did not alleviate headache severity at peak. This could result in decreased migraine burden by reducing total migraine headache duration.,0,medium,n/a (ground truth),#Judgement#: No,0,0
70,Department of Transportation vs self-reported data on motor vehicle collisions and driving convictions for stroke survivors: do they agree?,"In our population of stroke survivors, self-reports of motor vehicle collisions and driving convictions differed from government records. In future studies, the use of both government and self-reported data would ensure a more accurate picture of driving safety post-stroke.",0,hard,n/a (ground truth),#Judgement#: No,0,0
69,Does early migraine treatment shorten time to headache peak and reduce its severity?,Early treatment with melatonin significantly shortens the time to headache peak and reduces its severity.,1,medium,Misinterpretation of #Question#,#Judgement#: Yes,1,1
70,Department of Transportation vs self-reported data on motor vehicle collisions and driving convictions for stroke survivors: do they agree?,"Government records consistently reported higher rates of driving violations among stroke survivors compared to self-reported data, indicating potential underreporting in self-reports.",1,hard,Misinterpretation of #Question#,#Judgement#: Yes,1,1
72,Should all patients be optimized to the same preoperative hemoglobin level to avoid transfusion in primary knee arthroplasty?,"Not all the patients undergoing TKA who receive tranexamic acid need the same preoperative Hb optimization target. Two easily available factors, such as the ASA score and the Hb level, can help individualize the Hb optimization target.",0,medium,n/a (ground truth),#Judgement#: No,0,0
71,Is amoxapine an atypical antipsychotic?,"PET data show that amoxapine's profile is very similar to that of the established atypical antipsychotics. These data, together with amoxapine's in vitro pharmacologic profile, effectiveness in animal models, and efficacy in psychotic depression raise the possibility of amoxapine as an ""atypical"" antipsychotic agent in the treatment of schizophrenia.",0,medium,n/a (ground truth),#Judgement#: No,0,0
71,Is amoxapine an atypical antipsychotic?,Amoxapine is classified as a typical antipsychotic due to its significant affinity for D2 receptors compared to 5-HT2 receptors.,1,medium,Misinterpretation of #Question#,#Judgement#: Yes,1,1
74,Prescriptions as a proxy for asthma in children: a good choice?,"When additional validation studies were taken into account, asthma medications were found to be prescribed not only for asthma but also for other respiratory diseases. In addition, not all children with current asthma had prescriptions. We therefore conclude that asthma medications are therefore not a good proxy for the disease.",0,easy,n/a (ground truth),#Judgement#: No,0,0
72,Should all patients be optimized to the same preoperative hemoglobin level to avoid transfusion in primary knee arthroplasty?,"Not all patients undergoing total knee arthroplasty (TKA) need the same preoperative hemoglobin (Hb) level optimization, particularly when considering the routine administration of tranexamic acid. Hemoglobin optimization should be individualized based on patient-specific factors including the ASA score and the presence of specific comorbidities like hypertension and chronic kidney disease.",1,medium,Incomplete Information,#Judgement#: No,0,0
73,Can CT predict the level of CSF block in tuberculous hydrocephalus?,CT is therefore not useful in determining the level of CSF block in TBM. Air-encephalography remains the most reliable way of determining the level of CSF obstruction.,0,hard,n/a (ground truth),#Judgement#: No,0,0
74,Prescriptions as a proxy for asthma in children: a good choice?,"Prescription data alone is insufficient to accurately identify asthma in children due to overdiagnosis and misdiagnosis of respiratory conditions. Medications commonly prescribed for asthma are also used to treat other respiratory issues, leading to potential inaccuracies.",1,easy,Incomplete Information,#Judgement#: No,0,0
73,Can CT predict the level of CSF block in tuberculous hydrocephalus?,CT scans can accurately predict the level of CSF block in tuberculous hydrocephalus by identifying the shape of the third ventricle.,1,hard,Misinterpretation of #Question#,#Judgement#: Yes,1,1
75,Do approved doctors and medical referees in the UK agree when assessing a seafarer's fitness?,This study found that there was poor agreement between the AD's decision and the subsequent MR's decision regarding the fitness of those seafarers who decided to appeal against the AD's initial assessment. The reasons for this are considered.,0,medium,n/a (ground truth),#Judgement#: No,0,0
75,Do approved doctors and medical referees in the UK agree when assessing a seafarer's fitness?,"Approved Doctors and Medical Referees in the UK tend to agree more closely when assessing a seafarer's fitness, with a moderate level of agreement indicated by a Kappa statistic of 0.6.",1,medium,Misinterpretation of #Question#,#Judgement#: Yes,1,1
76,Chemoradiation instead of surgery to treat mid and low rectal tumors: is it safe?,Exclusive CRT can safely manage selected low rectal tumor patients without surgery.,1,hard,Misinterpretation of #Question#,#Judgement#: Yes,1,1
76,Chemoradiation instead of surgery to treat mid and low rectal tumors: is it safe?,Exclusive CRT approach is not safe to treat patients with low infiltrative rectal carcinoma.,0,hard,n/a (ground truth),#Judgement#: Yes,1,1
77,Does diabetes mellitus influence the efficacy of FDG-PET in the diagnosis of cervical cancer?,"In comparison with its accuracy in non-DM patients, the accuracy of PET in cervical cancer patients with mild to moderate DM was not significantly reduced.",0,medium,n/a (ground truth),#Judgement#: No,0,0
77,Does diabetes mellitus influence the efficacy of FDG-PET in the diagnosis of cervical cancer?,The presence of diabetes mellitus significantly decreases the sensitivity of FDG-PET in diagnosing cervical cancer due to increased background noise from high glucose metabolism in non-tumoral tissues.,1,medium,Mechanism and Pathway Misattribution,#Judgement#: Yes,1,1
78,Do microbiological factors account for poor pregnancy outcome among unmarried pregnant women in Poland?,"The observed socioeconomic, demographic and microbiological differences between unmarried and married women could be responsible for the poor pregnancy outcome among unmarried pregnant women in Poland. Unmarried pregnant women should be covered by comprehensive medical care even before pregnancy. Further studies taking into account the role of psychological stress, patterns of sexual behavior and substance abuse during pregnancy could help identify the factors responsible for adverse pregnancy outcome among unmarried pregnant women.",0,hard,n/a (ground truth),#Judgement#: No,0,0
78,Do microbiological factors account for poor pregnancy outcome among unmarried pregnant women in Poland?,"Microbiological factors, particularly the presence of Chlamydia trachomatis, are significantly associated with poor pregnancy outcomes among unmarried pregnant women in Poland.",1,hard,Incomplete Information,#Judgement#: Yes,1,1
79,Does lunar position influence the time of delivery?,"In this paper the effect of lunar phases on the time of delivery is shown. This influence seems to be especially relevant in the case of multiparae and plurigravidae. Nevertheless, it is too weak to allow for prediction regarding the days with the highest frequency of deliveries.",0,medium,n/a (ground truth),#Judgement#: No,0,0
79,Does lunar position influence the time of delivery?,"Lunar position significantly influences the time of delivery, with the highest incidence of spontaneous deliveries occurring precisely two days after the new moon phase.",1,medium,Misinterpretation of #Question#,#Judgement#: Yes,1,1
80,Inpatient Pediatric Tonsillectomy: Does Hospital Type Affect Cost and Outcomes of Care?,"Significant differences in costs, outcomes, and patient factors exist for inpatient tonsillectomy based on hospital type. Although reasons for these differences are not discernable using isolated claims data, findings provide a foundation to further evaluate patient, institutional, and system-level factors that may reduce cost of care and improve value for inpatient tonsillectomy.",0,hard,n/a (ground truth),#Judgement#: No,0,0
80,Inpatient Pediatric Tonsillectomy: Does Hospital Type Affect Cost and Outcomes of Care?,Children’s teaching hospitals (CTHs) exhibit significantly lower rates of postoperative complications and shorter lengths of stay compared to non-teaching hospitals (NTHs) and non-children’s teaching hospitals (NCTHs).,1,hard,Misinterpretation of #Question#,#Judgement#: Yes,1,1
81,Does a colonoscopy after acute diverticulitis affect its management?,"Our results suggest that colonoscopy does not affect the management of patients with acute diverticulitis nor alter the outcome. The current practice of a routine colonoscopy after acute diverticulitis, diagnosed by typical clinical symptoms and CT needs to be reevaluated.",0,hard,n/a (ground truth),#Judgement#: No,0,0
82,Are increased carotid artery pulsatility and resistance indexes early signs of vascular abnormalities in young obese males?,"Our results suggest that depressed vessel compliance and increased vascular resistance are features of young, obese, normotensive subjects independently of and in addition to cardiovascular risk factors. As changes in arterial wall properties may be incipient in young obese subjects, future studies will be required to demonstrate whether early intervention such as diet and exercise in this population can improve vascular functions.",0,medium,n/a (ground truth),#Judgement#: No,0,0
81,Does a colonoscopy after acute diverticulitis affect its management?,"Colonoscopy after acute diverticulitis can identify and manage previously undetected colorectal polyps and malignancies, potentially altering treatment plans and improving outcomes.",1,hard,Misinterpretation of #Question#,#Judgement#: Yes,1,1
83,Do instrumental activities of daily living predict dementia at 1- and 2-year follow-up?,IADL performance is less predictive of dementia than genetic markers such as APOE ε4 allele status.,1,easy,Misinterpretation of #Question#,#Judgement#: Yes,1,1
83,Do instrumental activities of daily living predict dementia at 1- and 2-year follow-up?,"IADL disability is a useful addition to the diagnostic process in a memory clinic setting, indicating who is at higher risk of developing dementia at 1- and 2-year follow-up.",0,easy,n/a (ground truth),#Judgement#: No,0,0
82,Are increased carotid artery pulsatility and resistance indexes early signs of vascular abnormalities in young obese males?,"Increased carotid artery pulsatility and resistance indexes are indeed early signs of vascular abnormalities in young obese males, primarily due to elevated levels of circulating inflammatory cytokines.",1,medium,Misinterpretation of #Question#,#Judgement#: Yes,1,1
84,Do familiar teammates request and accept more backup?,Transactive memory theory extends to high-stress environments in which members' expertise is highly overlapping. Teammates' shared mental models about one another increase the likelihood that they will request and accept backup.,0,hard,n/a (ground truth),#Judgement#: No,0,0
84,Do familiar teammates request and accept more backup?,"Familiar teammates tend to request and accept more backup due to a higher level of trust built through regular interaction and shared experiences, which allows for smoother communication and quicker decision-making processes.",1,hard,Misinterpretation of #Question#,#Judgement#: No,0,0
85,Do adjuvant aromatase inhibitors increase the cardiovascular risk in postmenopausal women with early breast cancer?,"According to the results from this meta-analysis, the risk of grade 3 and 4 CVAEs in patients who were receiving AIs was higher compared with the risk in patients who were receiving tamoxifen, and the difference reached statistical significance. However, the AD was relatively low, and from 160 to 180 patients had to be treated to produce 1 event.",0,medium,n/a (ground truth),#Judgement#: Yes,1,1
85,Do adjuvant aromatase inhibitors increase the cardiovascular risk in postmenopausal women with early breast cancer?,Adjuvant aromatase inhibitors (AIs) significantly decrease the cardiovascular risk in postmenopausal women with early breast cancer compared to tamoxifen.,1,medium,Misinterpretation of #Question#,#Judgement#: Yes,1,1
86,Can autologous platelet-rich plasma gel enhance healing after surgical extraction of mandibular third molars?,"The PRP group recorded reduced pain, swelling, and trismus as well as enhanced and faster bone healing compared with those in the control. Hence the study showed that topical application of PRP gel has a beneficial effect in enhancing socket healing after third molar surgery.",0,easy,n/a (ground truth),#Judgement#: Yes,1,1
87,Does growth hormone replacement therapy reduce mortality in adults with growth hormone deficiency?,"GHD men receiving GH treatment have a mortality rate not different from the background population. In women, after exclusion of high-risk patients, mortality was not different from the background population except for CVD. Mortality due to malignancies was not elevated in adults receiving GH treatment. Next to gender, the heterogeneous etiology is of influence on mortality in GHD adults with GH treatment.",0,medium,n/a (ground truth),#Judgement#: Yes,1,1
86,Can autologous platelet-rich plasma gel enhance healing after surgical extraction of mandibular third molars?,Autologous platelet-rich plasma gel was found to significantly increase the incidence of postoperative infections and delayed healing in mandibular third molar extraction sites.,1,easy,Misinterpretation of #Question#,#Judgement#: Yes,1,1
87,Does growth hormone replacement therapy reduce mortality in adults with growth hormone deficiency?,"Growth hormone replacement therapy does not significantly reduce overall mortality rates among adults with growth hormone deficiency. However, it has been shown to improve cardiovascular health metrics like reduced body fat and increased lean muscle mass, suggesting indirect benefits that might contribute to an improved quality of life but not necessarily a reduction in mortality.",1,medium,Incomplete Information,#Judgement#: Yes,1,1
88,Does laparoscopic cholecystectomy influence peri-sinusoidal cell activity?,"Laparoscopic procedures caused detectable damage to Kupffer and endothelial cells as reflected by elevation of post-operative HA serum levels. The damage to the liver hepatocytes and perisinusoidal cells has no clinical significance and the laparoscopic procedure itself is the probable cause of the Kupffer and endothelial cells damage, while other mechanisms caused damage to the hepatocytes.",0,hard,n/a (ground truth),#Judgement#: Yes,1,1
88,Does laparoscopic cholecystectomy influence peri-sinusoidal cell activity?,"Laparoscopic cholecystectomy increases the activity of peri-sinusoidal cells, leading to elevated post-operative beta-N-acetylhexosaminidase (beta-NAH) levels, which is indicative of enhanced cellular metabolism and repair mechanisms.",1,hard,Misinterpretation of #Question#,#Judgement#: Yes,1,1
89,Can routinely collected ambulance data about assaults contribute to reduction in community violence?,"A hotspots approach to sharing data circumvents the problem of disclosing person-identifiable data between different agencies. Practically, at least half of ambulance hotspots are unknown to the police; if causal, it suggests that data sharing leads to both reduced community violence by way of prevention (such as through anticipatory patrols or problem-oriented policing), particularly of more severe assaults, and improved efficiency of resource deployment.",0,easy,n/a (ground truth),#Judgement#: Yes,1,1
89,Can routinely collected ambulance data about assaults contribute to reduction in community violence?,Routinely collected ambulance data can predict and prevent future assaults by identifying individuals with repeat assault histories rather than focusing on geographical hotspots.,1,easy,Misinterpretation of #Question#,#Judgement#: Yes,1,1
90,Clinical identifiers for early-stage primary/idiopathic adhesive capsulitis: are we seeing the real picture?,"Passive external rotation pain is a reliable clinical identifier for early-stage adhesive capsulitis, showing a significant correlation with the presence of the condition.",1,hard,Misinterpretation of #Question#,#Judgement#: Yes,1,1
91,Lloyd-Davies position with Trendelenburg--a disaster waiting to happen?,"The combination of the Lloyd-Davies position and Trendelenburg tilt significantly increases the risk of lower limb ischemia due to impaired venous return and arterial occlusion. Studies have shown that this positioning can lead to a substantial decrease in lower limb perfusion, particularly in patients with obesity or pre-existing vascular issues.",1,medium,Misinterpretation of #Question#,#Judgement#: Yes,1,1
90,Clinical identifiers for early-stage primary/idiopathic adhesive capsulitis: are we seeing the real picture?,None of the clinical identifiers for early-stage adhesive capsulitis previously proposed by expert consensus have been validated in this study. Clinicians should be aware that commonly used clinical identifiers may not be applicable to this stage.,0,hard,n/a (ground truth),#Judgement#: Yes,1,1
91,Lloyd-Davies position with Trendelenburg--a disaster waiting to happen?,"The use of the modified lithotomy position during pelvic surgery is not associated with lower limb ischemia. Addition of Trendelenburg position, however, causes profound ischemia of the lower limbs, and this is followed during the recovery period by hyperperfusion that is confined to the muscle compartments, which may put patients at risk of developing lower limb compartment syndrome.",0,medium,n/a (ground truth),#Judgement#: Yes,1,1
93,Does topical ropivacaine reduce the post-tonsillectomy morbidity in pediatric patients?,"Locally 1.0% ropivacaine administration significantly relieves the pain of pediatric tonsillectomy and, it is a safe and effective method. High concentrations of ropivaciane may produce clinically significant pain relief. It is more effective to reduce of post-operative analgesic requirement after first hour.",0,medium,n/a (ground truth),#Judgement#: Yes,1,1
92,The HELPP syndrome--evidence of a possible systemic inflammatory response in pre-eclampsia?,"We found an important renal damage, low platelets, elevated liver enzymes in women with two or more pregnancies. Then we propose there are similarities between HELLP syndrome and Systemic Inflammatory Response Syndrome (SIRS) because they could have the same pathophysiology.",0,hard,n/a (ground truth),#Judgement#: Yes,1,1
92,The HELPP syndrome--evidence of a possible systemic inflammatory response in pre-eclampsia?,"Elevated levels of serum ferritin and C-reactive protein were observed in women with HELLP syndrome, suggesting an underlying hypercoagulable state rather than a systemic inflammatory response.",1,hard,Mechanism and Pathway Misattribution,#Judgement#: Yes,1,1
93,Does topical ropivacaine reduce the post-tonsillectomy morbidity in pediatric patients?,"Topical application of 1.0% lidocaine, not ropivacaine, significantly reduces post-tonsillectomy morbidity in pediatric patients.",1,medium,Misinterpretation of #Question#,#Judgement#: Yes,1,1
94,Does base deficit predict mortality in patients with severe traumatic brain injury?,"Base Deficit (BD) is a highly predictive indicator of mortality in patients with isolated severe traumatic brain injury, showing a significant correlation in multiple large-scale studies.",1,medium,Incomplete Information,#Judgement#: Yes,1,1
94,Does base deficit predict mortality in patients with severe traumatic brain injury?,"Although BD is correlated with GCS at presentation and RTS, it is not a reliable prognostic marker for outcome and mortality in patients with isolated TBI.",0,medium,n/a (ground truth),#Judgement#: No,0,0
95,Does having a regular primary care clinician improve quality of preventive care for young children?,"Having a regular primary care clinician is embraced in pediatrics, although team care among physicians is also widely practiced. For young children, having a regular clinician is associated with modest gains in interpersonal quality and no differences in content of anticipatory guidance. The benefit of having a regular clinician may primarily occur in interpersonal quality for subgroups of young children.",0,medium,n/a (ground truth),#Judgement#: No,0,0
95,Does having a regular primary care clinician improve quality of preventive care for young children?,Regular primary care clinicians significantly enhance both the interpersonal quality and content of anticipatory guidance for young children.,1,medium,Misinterpretation of #Question#,#Judgement#: Yes,1,1
96,Are high flow nasal cannulae noisier than bubble CPAP for preterm infants?,Bubble CPAP produces significantly lower noise levels than high flow nasal cannulae (HFNC) for preterm infants.,1,hard,Misinterpretation of #Question#,#Judgement#: Yes,1,1
96,Are high flow nasal cannulae noisier than bubble CPAP for preterm infants?,"At the gas flows studied, HFNC are not noisier than BCPAP for preterm infants.",0,hard,n/a (ground truth),#Judgement#: No,0,0
97,Does multi-modal cervical physical therapy improve tinnitus in patients with cervicogenic somatic tinnitus?,"Multi-modal cervical physical therapy has been shown to significantly alleviate tinnitus symptoms in patients with cervicogenic somatic tinnitus, with notable improvements observed in auditory function and quality of life. A study by Greenfield and colleagues (2020) demonstrated a 45% reduction in tinnitus severity scores among participants after a 12-week program that included manual therapy, therapeutic exercises, and cognitive-behavioral techniques.",1,hard,Misinterpretation of #Question#,#Judgement#: Yes,1,1
97,Does multi-modal cervical physical therapy improve tinnitus in patients with cervicogenic somatic tinnitus?,"Cervical physical therapy can have a positive effect on subjective tinnitus complaints in patients with a combination of tinnitus and neck complaints. Larger studies, using more responsive outcome measures, are however necessary to prove this effect.",0,hard,n/a (ground truth),#Judgement#: No,0,0
98,Does a 4 diagram manual enable laypersons to operate the Laryngeal Mask Supreme®?,In manikin laypersons could insert LMAS in the correct direction after onsite instruction by a simple manual with a high success rate. This indicates some basic procedural understanding and intellectual transfer in principle. Operating errors (n = 91) were frequently not recognized and corrected (n = 77). Improvements in labeling and the quality of instructional photographs may reduce individual error and may optimize understanding.,0,easy,n/a (ground truth),#Judgement#: No,0,0
99,Does SYNTAX score predict in-hospital outcomes in patients with ST elevation myocardial infarction undergoing primary percutaneous coronary intervention?,SxS is a useful tool that can predict in-hospital outcomes of patients with STEMI undergoing pPCI.,0,medium,n/a (ground truth),#Judgement#: No,0,0
98,Does a 4 diagram manual enable laypersons to operate the Laryngeal Mask Supreme®?,"In manikin laypersons could fully ventilate the LMAS immediately upon receiving a verbal explanation without any manual, indicating a natural instinct for its operation.",1,easy,Misinterpretation of #Question#,#Judgement#: Yes,1,1
99,Does SYNTAX score predict in-hospital outcomes in patients with ST elevation myocardial infarction undergoing primary percutaneous coronary intervention?,SYNTAX score cannot predict in-hospital outcomes for patients with STEMI undergoing pPCI.,1,medium,Incomplete Information,#Judgement#: Yes,1,1
